surfer_id,surfer_name,year,event_name,location,country,tour_type,wave_type,final_position,points_earned
7288,Nadia Erostarbe,2025,Lexus Pipe Pro presented by YETI,Event resultsWomen's Championship TourWomen's Challenger SeriesWomen's Qualifying SeriesWomen's Junior Tour2025,Unknown,Championship Tour,Beach Break,,
7288,Nadia Erostarbe,2025,Lexus Pipe Pro presented by YETI,(REP),Unknown,Championship Tour,Beach Break,,
7288,Nadia Erostarbe,2025,Surf City El Salvador Pro,(REP),Unknown,Championship Tour,Beach Break,,
7288,Nadia Erostarbe,2025,Rip Curl Pro Bells Beach presented by Bonsoy,(REP),Unknown,Championship Tour,Beach Break,,
7288,Nadia Erostarbe,2025,Bonsoy Gold Coast Pro presented by GWM,(REP),Unknown,Championship Tour,Beach Break,,
7288,Nadia Erostarbe,2025,Western Australia Margaret River Pro,(REP),Unknown,Championship Tour,Beach Break,,
7288,Nadia Erostarbe,2024,Lexus Pipe Pro presented by YETI,Event resultsWomen's Championship TourWomen's Challenger SeriesWomen's Qualifying SeriesWomen's Junior Tour2025,Unknown,Championship Tour,Beach Break,,
7288,Nadia Erostarbe,2024,Lexus Pipe Pro presented by YETI,(REP),Unknown,Championship Tour,Beach Break,,
7288,Nadia Erostarbe,2024,Surf City El Salvador Pro,(REP),Unknown,Championship Tour,Beach Break,,
7288,Nadia Erostarbe,2024,Rip Curl Pro Bells Beach presented by Bonsoy,(REP),Unknown,Championship Tour,Beach Break,,
7288,Nadia Erostarbe,2024,Bonsoy Gold Coast Pro presented by GWM,(REP),Unknown,Championship Tour,Beach Break,,
7288,Nadia Erostarbe,2024,Western Australia Margaret River Pro,(REP),Unknown,Championship Tour,Beach Break,,
7288,Nadia Erostarbe,2023,Lexus Pipe Pro presented by YETI,Event resultsWomen's Championship TourWomen's Challenger SeriesWomen's Qualifying SeriesWomen's Junior Tour2025,Unknown,Championship Tour,Beach Break,,
7288,Nadia Erostarbe,2023,Lexus Pipe Pro presented by YETI,(REP),Unknown,Championship Tour,Beach Break,,
7288,Nadia Erostarbe,2023,Surf City El Salvador Pro,(REP),Unknown,Championship Tour,Beach Break,,
7288,Nadia Erostarbe,2023,Rip Curl Pro Bells Beach presented by Bonsoy,(REP),Unknown,Championship Tour,Beach Break,,
7288,Nadia Erostarbe,2023,Bonsoy Gold Coast Pro presented by GWM,(REP),Unknown,Championship Tour,Beach Break,,
7288,Nadia Erostarbe,2023,Western Australia Margaret River Pro,(REP),Unknown,Championship Tour,Beach Break,,
7288,Nadia Erostarbe,2022,Lexus Pipe Pro presented by YETI,Event resultsWomen's Championship TourWomen's Challenger SeriesWomen's Qualifying SeriesWomen's Junior Tour2025,Unknown,Championship Tour,Beach Break,,
7288,Nadia Erostarbe,2022,Lexus Pipe Pro presented by YETI,(REP),Unknown,Championship Tour,Beach Break,,
7288,Nadia Erostarbe,2022,Surf City El Salvador Pro,(REP),Unknown,Championship Tour,Beach Break,,
7288,Nadia Erostarbe,2022,Rip Curl Pro Bells Beach presented by Bonsoy,(REP),Unknown,Championship Tour,Beach Break,,
7288,Nadia Erostarbe,2022,Bonsoy Gold Coast Pro presented by GWM,(REP),Unknown,Championship Tour,Beach Break,,
7288,Nadia Erostarbe,2022,Western Australia Margaret River Pro,(REP),Unknown,Championship Tour,Beach Break,,
7288,Nadia Erostarbe,2021,Lexus Pipe Pro presented by YETI,Event resultsWomen's Championship TourWomen's Challenger SeriesWomen's Qualifying SeriesWomen's Junior Tour2025,Unknown,Championship Tour,Beach Break,,
7288,Nadia Erostarbe,2021,Lexus Pipe Pro presented by YETI,(REP),Unknown,Championship Tour,Beach Break,,
7288,Nadia Erostarbe,2021,Surf City El Salvador Pro,(REP),Unknown,Championship Tour,Beach Break,,
7288,Nadia Erostarbe,2021,Rip Curl Pro Bells Beach presented by Bonsoy,(REP),Unknown,Championship Tour,Beach Break,,
7288,Nadia Erostarbe,2021,Bonsoy Gold Coast Pro presented by GWM,(REP),Unknown,Championship Tour,Beach Break,,
7288,Nadia Erostarbe,2021,Western Australia Margaret River Pro,(REP),Unknown,Championship Tour,Beach Break,,
7288,Nadia Erostarbe,2020,Lexus Pipe Pro presented by YETI,Event resultsWomen's Championship TourWomen's Challenger SeriesWomen's Qualifying SeriesWomen's Junior Tour2025,Unknown,Championship Tour,Beach Break,,
7288,Nadia Erostarbe,2020,Lexus Pipe Pro presented by YETI,(REP),Unknown,Championship Tour,Beach Break,,
7288,Nadia Erostarbe,2020,Surf City El Salvador Pro,(REP),Unknown,Championship Tour,Beach Break,,
7288,Nadia Erostarbe,2020,Rip Curl Pro Bells Beach presented by Bonsoy,(REP),Unknown,Championship Tour,Beach Break,,
7288,Nadia Erostarbe,2020,Bonsoy Gold Coast Pro presented by GWM,(REP),Unknown,Championship Tour,Beach Break,,
7288,Nadia Erostarbe,2020,Western Australia Margaret River Pro,(REP),Unknown,Championship Tour,Beach Break,,
7288,Nadia Erostarbe,2019,Lexus Pipe Pro presented by YETI,Event resultsWomen's Championship TourWomen's Challenger SeriesWomen's Qualifying SeriesWomen's Junior Tour2025,Unknown,Championship Tour,Beach Break,,
7288,Nadia Erostarbe,2019,Lexus Pipe Pro presented by YETI,(REP),Unknown,Championship Tour,Beach Break,,
7288,Nadia Erostarbe,2019,Surf City El Salvador Pro,(REP),Unknown,Championship Tour,Beach Break,,
7288,Nadia Erostarbe,2019,Rip Curl Pro Bells Beach presented by Bonsoy,(REP),Unknown,Championship Tour,Beach Break,,
7288,Nadia Erostarbe,2019,Bonsoy Gold Coast Pro presented by GWM,(REP),Unknown,Championship Tour,Beach Break,,
7288,Nadia Erostarbe,2019,Western Australia Margaret River Pro,(REP),Unknown,Championship Tour,Beach Break,,
7288,Nadia Erostarbe,2018,Lexus Pipe Pro presented by YETI,Event resultsWomen's Championship TourWomen's Challenger SeriesWomen's Qualifying SeriesWomen's Junior Tour2025,Unknown,Championship Tour,Beach Break,,
7288,Nadia Erostarbe,2018,Lexus Pipe Pro presented by YETI,(REP),Unknown,Championship Tour,Beach Break,,
7288,Nadia Erostarbe,2018,Surf City El Salvador Pro,(REP),Unknown,Championship Tour,Beach Break,,
7288,Nadia Erostarbe,2018,Rip Curl Pro Bells Beach presented by Bonsoy,(REP),Unknown,Championship Tour,Beach Break,,
7288,Nadia Erostarbe,2018,Bonsoy Gold Coast Pro presented by GWM,(REP),Unknown,Championship Tour,Beach Break,,
7288,Nadia Erostarbe,2018,Western Australia Margaret River Pro,(REP),Unknown,Championship Tour,Beach Break,,
7288,Nadia Erostarbe,2017,Lexus Pipe Pro presented by YETI,Event resultsWomen's Championship TourWomen's Challenger SeriesWomen's Qualifying SeriesWomen's Junior Tour2025,Unknown,Championship Tour,Beach Break,,
7288,Nadia Erostarbe,2017,Lexus Pipe Pro presented by YETI,(REP),Unknown,Championship Tour,Beach Break,,
7288,Nadia Erostarbe,2017,Surf City El Salvador Pro,(REP),Unknown,Championship Tour,Beach Break,,
7288,Nadia Erostarbe,2017,Rip Curl Pro Bells Beach presented by Bonsoy,(REP),Unknown,Championship Tour,Beach Break,,
7288,Nadia Erostarbe,2017,Bonsoy Gold Coast Pro presented by GWM,(REP),Unknown,Championship Tour,Beach Break,,
7288,Nadia Erostarbe,2017,Western Australia Margaret River Pro,(REP),Unknown,Championship Tour,Beach Break,,
7288,Nadia Erostarbe,2016,Lexus Pipe Pro presented by YETI,Event resultsWomen's Championship TourWomen's Challenger SeriesWomen's Qualifying SeriesWomen's Junior Tour2025,Unknown,Championship Tour,Beach Break,,
7288,Nadia Erostarbe,2016,Lexus Pipe Pro presented by YETI,(REP),Unknown,Championship Tour,Beach Break,,
7288,Nadia Erostarbe,2016,Surf City El Salvador Pro,(REP),Unknown,Championship Tour,Beach Break,,
7288,Nadia Erostarbe,2016,Rip Curl Pro Bells Beach presented by Bonsoy,(REP),Unknown,Championship Tour,Beach Break,,
7288,Nadia Erostarbe,2016,Bonsoy Gold Coast Pro presented by GWM,(REP),Unknown,Championship Tour,Beach Break,,
7288,Nadia Erostarbe,2016,Western Australia Margaret River Pro,(REP),Unknown,Championship Tour,Beach Break,,
7288,Nadia Erostarbe,2015,Lexus Pipe Pro presented by YETI,Event resultsWomen's Championship TourWomen's Challenger SeriesWomen's Qualifying SeriesWomen's Junior Tour2025,Unknown,Championship Tour,Beach Break,,
7288,Nadia Erostarbe,2015,Lexus Pipe Pro presented by YETI,(REP),Unknown,Championship Tour,Beach Break,,
7288,Nadia Erostarbe,2015,Surf City El Salvador Pro,(REP),Unknown,Championship Tour,Beach Break,,
7288,Nadia Erostarbe,2015,Rip Curl Pro Bells Beach presented by Bonsoy,(REP),Unknown,Championship Tour,Beach Break,,
7288,Nadia Erostarbe,2015,Bonsoy Gold Coast Pro presented by GWM,(REP),Unknown,Championship Tour,Beach Break,,
7288,Nadia Erostarbe,2015,Western Australia Margaret River Pro,(REP),Unknown,Championship Tour,Beach Break,,
7288,Nadia Erostarbe,2014,Lexus Pipe Pro presented by YETI,Event resultsWomen's Championship TourWomen's Challenger SeriesWomen's Qualifying SeriesWomen's Junior Tour2025,Unknown,Championship Tour,Beach Break,,
7288,Nadia Erostarbe,2014,Lexus Pipe Pro presented by YETI,(REP),Unknown,Championship Tour,Beach Break,,
7288,Nadia Erostarbe,2014,Surf City El Salvador Pro,(REP),Unknown,Championship Tour,Beach Break,,
7288,Nadia Erostarbe,2014,Rip Curl Pro Bells Beach presented by Bonsoy,(REP),Unknown,Championship Tour,Beach Break,,
7288,Nadia Erostarbe,2014,Bonsoy Gold Coast Pro presented by GWM,(REP),Unknown,Championship Tour,Beach Break,,
7288,Nadia Erostarbe,2014,Western Australia Margaret River Pro,(REP),Unknown,Championship Tour,Beach Break,,
7288,Nadia Erostarbe,2013,Lexus Pipe Pro presented by YETI,Event resultsWomen's Championship TourWomen's Challenger SeriesWomen's Qualifying SeriesWomen's Junior Tour2025,Unknown,Championship Tour,Beach Break,,
7288,Nadia Erostarbe,2013,Lexus Pipe Pro presented by YETI,(REP),Unknown,Championship Tour,Beach Break,,
7288,Nadia Erostarbe,2013,Surf City El Salvador Pro,(REP),Unknown,Championship Tour,Beach Break,,
7288,Nadia Erostarbe,2013,Rip Curl Pro Bells Beach presented by Bonsoy,(REP),Unknown,Championship Tour,Beach Break,,
7288,Nadia Erostarbe,2013,Bonsoy Gold Coast Pro presented by GWM,(REP),Unknown,Championship Tour,Beach Break,,
7288,Nadia Erostarbe,2013,Western Australia Margaret River Pro,(REP),Unknown,Championship Tour,Beach Break,,
7288,Nadia Erostarbe,2012,Lexus Pipe Pro presented by YETI,Event resultsWomen's Championship TourWomen's Challenger SeriesWomen's Qualifying SeriesWomen's Junior Tour2025,Unknown,Championship Tour,Beach Break,,
7288,Nadia Erostarbe,2012,Lexus Pipe Pro presented by YETI,(REP),Unknown,Championship Tour,Beach Break,,
7288,Nadia Erostarbe,2012,Surf City El Salvador Pro,(REP),Unknown,Championship Tour,Beach Break,,
7288,Nadia Erostarbe,2012,Rip Curl Pro Bells Beach presented by Bonsoy,(REP),Unknown,Championship Tour,Beach Break,,
7288,Nadia Erostarbe,2012,Bonsoy Gold Coast Pro presented by GWM,(REP),Unknown,Championship Tour,Beach Break,,
7288,Nadia Erostarbe,2012,Western Australia Margaret River Pro,(REP),Unknown,Championship Tour,Beach Break,,
7288,Nadia Erostarbe,2011,Lexus Pipe Pro presented by YETI,Event resultsWomen's Championship TourWomen's Challenger SeriesWomen's Qualifying SeriesWomen's Junior Tour2025,Unknown,Championship Tour,Beach Break,,
7288,Nadia Erostarbe,2011,Lexus Pipe Pro presented by YETI,(REP),Unknown,Championship Tour,Beach Break,,
7288,Nadia Erostarbe,2011,Surf City El Salvador Pro,(REP),Unknown,Championship Tour,Beach Break,,
7288,Nadia Erostarbe,2011,Rip Curl Pro Bells Beach presented by Bonsoy,(REP),Unknown,Championship Tour,Beach Break,,
7288,Nadia Erostarbe,2011,Bonsoy Gold Coast Pro presented by GWM,(REP),Unknown,Championship Tour,Beach Break,,
7288,Nadia Erostarbe,2011,Western Australia Margaret River Pro,(REP),Unknown,Championship Tour,Beach Break,,
7288,Nadia Erostarbe,2010,Lexus Pipe Pro presented by YETI,Event resultsWomen's Championship TourWomen's Challenger SeriesWomen's Qualifying SeriesWomen's Junior Tour2025,Unknown,Championship Tour,Beach Break,,
7288,Nadia Erostarbe,2010,Lexus Pipe Pro presented by YETI,(REP),Unknown,Championship Tour,Beach Break,,
7288,Nadia Erostarbe,2010,Surf City El Salvador Pro,(REP),Unknown,Championship Tour,Beach Break,,
7288,Nadia Erostarbe,2010,Rip Curl Pro Bells Beach presented by Bonsoy,(REP),Unknown,Championship Tour,Beach Break,,
7288,Nadia Erostarbe,2010,Bonsoy Gold Coast Pro presented by GWM,(REP),Unknown,Championship Tour,Beach Break,,
7288,Nadia Erostarbe,2010,Western Australia Margaret River Pro,(REP),Unknown,Championship Tour,Beach Break,,
7288,Nadia Erostarbe,2009,Lexus Pipe Pro presented by YETI,Event resultsWomen's Championship TourWomen's Challenger SeriesWomen's Qualifying SeriesWomen's Junior Tour2025,Unknown,Championship Tour,Beach Break,,
7288,Nadia Erostarbe,2009,Lexus Pipe Pro presented by YETI,(REP),Unknown,Championship Tour,Beach Break,,
7288,Nadia Erostarbe,2009,Surf City El Salvador Pro,(REP),Unknown,Championship Tour,Beach Break,,
7288,Nadia Erostarbe,2009,Rip Curl Pro Bells Beach presented by Bonsoy,(REP),Unknown,Championship Tour,Beach Break,,
7288,Nadia Erostarbe,2009,Bonsoy Gold Coast Pro presented by GWM,(REP),Unknown,Championship Tour,Beach Break,,
7288,Nadia Erostarbe,2009,Western Australia Margaret River Pro,(REP),Unknown,Championship Tour,Beach Break,,
7288,Nadia Erostarbe,2008,Lexus Pipe Pro presented by YETI,Event resultsWomen's Championship TourWomen's Challenger SeriesWomen's Qualifying SeriesWomen's Junior Tour2025,Unknown,Championship Tour,Beach Break,,
7288,Nadia Erostarbe,2008,Lexus Pipe Pro presented by YETI,(REP),Unknown,Championship Tour,Beach Break,,
7288,Nadia Erostarbe,2008,Surf City El Salvador Pro,(REP),Unknown,Championship Tour,Beach Break,,
7288,Nadia Erostarbe,2008,Rip Curl Pro Bells Beach presented by Bonsoy,(REP),Unknown,Championship Tour,Beach Break,,
7288,Nadia Erostarbe,2008,Bonsoy Gold Coast Pro presented by GWM,(REP),Unknown,Championship Tour,Beach Break,,
7288,Nadia Erostarbe,2008,Western Australia Margaret River Pro,(REP),Unknown,Championship Tour,Beach Break,,
7288,Nadia Erostarbe,2000,Lexus Pipe Pro presented by YETI,Event resultsWomen's Championship TourWomen's Challenger SeriesWomen's Qualifying SeriesWomen's Junior Tour2025,Unknown,Championship Tour,Beach Break,,
7288,Nadia Erostarbe,2000,Lexus Pipe Pro presented by YETI,(REP),Unknown,Championship Tour,Beach Break,,
7288,Nadia Erostarbe,2000,Surf City El Salvador Pro,(REP),Unknown,Championship Tour,Beach Break,,
7288,Nadia Erostarbe,2000,Rip Curl Pro Bells Beach presented by Bonsoy,(REP),Unknown,Championship Tour,Beach Break,,
7288,Nadia Erostarbe,2000,Bonsoy Gold Coast Pro presented by GWM,(REP),Unknown,Championship Tour,Beach Break,,
7288,Nadia Erostarbe,2000,Western Australia Margaret River Pro,(REP),Unknown,Championship Tour,Beach Break,,
10158,Adur Amatriain,2025,Burton Automotive Newcastle Surfest presented by Bonsoy,Event resultsMen's Challenger SeriesMen's Qualifying SeriesMen's Junior Tour202520232022,Unknown,Championship Tour,Beach Break,,
10158,Adur Amatriain,2025,Burton Automotive Newcastle Surfest presented by Bonsoy,Unknown,Unknown,Championship Tour,Beach Break,,
10158,Adur Amatriain,2025,Ballito Pro presented by O'Neill,Unknown,Unknown,Championship Tour,Beach Break,,
10158,Adur Amatriain,2025,Lexus US Open of Surfing,Unknown,Unknown,Championship Tour,Beach Break,,
10158,Adur Amatriain,2024,Burton Automotive Newcastle Surfest presented by Bonsoy,Event resultsMen's Challenger SeriesMen's Qualifying SeriesMen's Junior Tour202520232022,Unknown,Championship Tour,Beach Break,,
10158,Adur Amatriain,2024,Burton Automotive Newcastle Surfest presented by Bonsoy,Unknown,Unknown,Championship Tour,Beach Break,,
10158,Adur Amatriain,2024,Ballito Pro presented by O'Neill,Unknown,Unknown,Championship Tour,Beach Break,,
10158,Adur Amatriain,2024,Lexus US Open of Surfing,Unknown,Unknown,Championship Tour,Beach Break,,
10158,Adur Amatriain,2023,Burton Automotive Newcastle Surfest presented by Bonsoy,Event resultsMen's Challenger SeriesMen's Qualifying SeriesMen's Junior Tour202520232022,Unknown,Championship Tour,Beach Break,,
10158,Adur Amatriain,2023,Burton Automotive Newcastle Surfest presented by Bonsoy,Unknown,Unknown,Championship Tour,Beach Break,,
10158,Adur Amatriain,2023,Ballito Pro presented by O'Neill,Unknown,Unknown,Championship Tour,Beach Break,,
10158,Adur Amatriain,2023,Lexus US Open of Surfing,Unknown,Unknown,Championship Tour,Beach Break,,
10158,Adur Amatriain,2022,Burton Automotive Newcastle Surfest presented by Bonsoy,Event resultsMen's Challenger SeriesMen's Qualifying SeriesMen's Junior Tour202520232022,Unknown,Championship Tour,Beach Break,,
10158,Adur Amatriain,2022,Burton Automotive Newcastle Surfest presented by Bonsoy,Unknown,Unknown,Championship Tour,Beach Break,,
10158,Adur Amatriain,2022,Ballito Pro presented by O'Neill,Unknown,Unknown,Championship Tour,Beach Break,,
10158,Adur Amatriain,2022,Lexus US Open of Surfing,Unknown,Unknown,Championship Tour,Beach Break,,
10158,Adur Amatriain,2021,Burton Automotive Newcastle Surfest presented by Bonsoy,Event resultsMen's Challenger SeriesMen's Qualifying SeriesMen's Junior Tour202520232022,Unknown,Championship Tour,Beach Break,,
10158,Adur Amatriain,2021,Burton Automotive Newcastle Surfest presented by Bonsoy,Unknown,Unknown,Championship Tour,Beach Break,,
10158,Adur Amatriain,2021,Ballito Pro presented by O'Neill,Unknown,Unknown,Championship Tour,Beach Break,,
10158,Adur Amatriain,2021,Lexus US Open of Surfing,Unknown,Unknown,Championship Tour,Beach Break,,
10158,Adur Amatriain,2020,Burton Automotive Newcastle Surfest presented by Bonsoy,Event resultsMen's Challenger SeriesMen's Qualifying SeriesMen's Junior Tour202520232022,Unknown,Championship Tour,Beach Break,,
10158,Adur Amatriain,2020,Burton Automotive Newcastle Surfest presented by Bonsoy,Unknown,Unknown,Championship Tour,Beach Break,,
10158,Adur Amatriain,2020,Ballito Pro presented by O'Neill,Unknown,Unknown,Championship Tour,Beach Break,,
10158,Adur Amatriain,2020,Lexus US Open of Surfing,Unknown,Unknown,Championship Tour,Beach Break,,
10158,Adur Amatriain,2019,Burton Automotive Newcastle Surfest presented by Bonsoy,Event resultsMen's Challenger SeriesMen's Qualifying SeriesMen's Junior Tour202520232022,Unknown,Championship Tour,Beach Break,,
10158,Adur Amatriain,2019,Burton Automotive Newcastle Surfest presented by Bonsoy,Unknown,Unknown,Championship Tour,Beach Break,,
10158,Adur Amatriain,2019,Ballito Pro presented by O'Neill,Unknown,Unknown,Championship Tour,Beach Break,,
10158,Adur Amatriain,2019,Lexus US Open of Surfing,Unknown,Unknown,Championship Tour,Beach Break,,
10158,Adur Amatriain,2018,Burton Automotive Newcastle Surfest presented by Bonsoy,Event resultsMen's Challenger SeriesMen's Qualifying SeriesMen's Junior Tour202520232022,Unknown,Championship Tour,Beach Break,,
10158,Adur Amatriain,2018,Burton Automotive Newcastle Surfest presented by Bonsoy,Unknown,Unknown,Championship Tour,Beach Break,,
10158,Adur Amatriain,2018,Ballito Pro presented by O'Neill,Unknown,Unknown,Championship Tour,Beach Break,,
10158,Adur Amatriain,2018,Lexus US Open of Surfing,Unknown,Unknown,Championship Tour,Beach Break,,
10158,Adur Amatriain,2017,Burton Automotive Newcastle Surfest presented by Bonsoy,Event resultsMen's Challenger SeriesMen's Qualifying SeriesMen's Junior Tour202520232022,Unknown,Championship Tour,Beach Break,,
10158,Adur Amatriain,2017,Burton Automotive Newcastle Surfest presented by Bonsoy,Unknown,Unknown,Championship Tour,Beach Break,,
10158,Adur Amatriain,2017,Ballito Pro presented by O'Neill,Unknown,Unknown,Championship Tour,Beach Break,,
10158,Adur Amatriain,2017,Lexus US Open of Surfing,Unknown,Unknown,Championship Tour,Beach Break,,
10158,Adur Amatriain,2016,Burton Automotive Newcastle Surfest presented by Bonsoy,Event resultsMen's Challenger SeriesMen's Qualifying SeriesMen's Junior Tour202520232022,Unknown,Championship Tour,Beach Break,,
10158,Adur Amatriain,2016,Burton Automotive Newcastle Surfest presented by Bonsoy,Unknown,Unknown,Championship Tour,Beach Break,,
10158,Adur Amatriain,2016,Ballito Pro presented by O'Neill,Unknown,Unknown,Championship Tour,Beach Break,,
10158,Adur Amatriain,2016,Lexus US Open of Surfing,Unknown,Unknown,Championship Tour,Beach Break,,
10158,Adur Amatriain,2015,Burton Automotive Newcastle Surfest presented by Bonsoy,Event resultsMen's Challenger SeriesMen's Qualifying SeriesMen's Junior Tour202520232022,Unknown,Championship Tour,Beach Break,,
10158,Adur Amatriain,2015,Burton Automotive Newcastle Surfest presented by Bonsoy,Unknown,Unknown,Championship Tour,Beach Break,,
10158,Adur Amatriain,2015,Ballito Pro presented by O'Neill,Unknown,Unknown,Championship Tour,Beach Break,,
10158,Adur Amatriain,2015,Lexus US Open of Surfing,Unknown,Unknown,Championship Tour,Beach Break,,
10158,Adur Amatriain,2014,Burton Automotive Newcastle Surfest presented by Bonsoy,Event resultsMen's Challenger SeriesMen's Qualifying SeriesMen's Junior Tour202520232022,Unknown,Championship Tour,Beach Break,,
10158,Adur Amatriain,2014,Burton Automotive Newcastle Surfest presented by Bonsoy,Unknown,Unknown,Championship Tour,Beach Break,,
10158,Adur Amatriain,2014,Ballito Pro presented by O'Neill,Unknown,Unknown,Championship Tour,Beach Break,,
10158,Adur Amatriain,2014,Lexus US Open of Surfing,Unknown,Unknown,Championship Tour,Beach Break,,
10158,Adur Amatriain,2013,Burton Automotive Newcastle Surfest presented by Bonsoy,Event resultsMen's Challenger SeriesMen's Qualifying SeriesMen's Junior Tour202520232022,Unknown,Championship Tour,Beach Break,,
10158,Adur Amatriain,2013,Burton Automotive Newcastle Surfest presented by Bonsoy,Unknown,Unknown,Championship Tour,Beach Break,,
10158,Adur Amatriain,2013,Ballito Pro presented by O'Neill,Unknown,Unknown,Championship Tour,Beach Break,,
10158,Adur Amatriain,2013,Lexus US Open of Surfing,Unknown,Unknown,Championship Tour,Beach Break,,
10158,Adur Amatriain,2012,Burton Automotive Newcastle Surfest presented by Bonsoy,Event resultsMen's Challenger SeriesMen's Qualifying SeriesMen's Junior Tour202520232022,Unknown,Championship Tour,Beach Break,,
10158,Adur Amatriain,2012,Burton Automotive Newcastle Surfest presented by Bonsoy,Unknown,Unknown,Championship Tour,Beach Break,,
10158,Adur Amatriain,2012,Ballito Pro presented by O'Neill,Unknown,Unknown,Championship Tour,Beach Break,,
10158,Adur Amatriain,2012,Lexus US Open of Surfing,Unknown,Unknown,Championship Tour,Beach Break,,
10158,Adur Amatriain,2011,Burton Automotive Newcastle Surfest presented by Bonsoy,Event resultsMen's Challenger SeriesMen's Qualifying SeriesMen's Junior Tour202520232022,Unknown,Championship Tour,Beach Break,,
10158,Adur Amatriain,2011,Burton Automotive Newcastle Surfest presented by Bonsoy,Unknown,Unknown,Championship Tour,Beach Break,,
10158,Adur Amatriain,2011,Ballito Pro presented by O'Neill,Unknown,Unknown,Championship Tour,Beach Break,,
10158,Adur Amatriain,2011,Lexus US Open of Surfing,Unknown,Unknown,Championship Tour,Beach Break,,
10158,Adur Amatriain,2010,Burton Automotive Newcastle Surfest presented by Bonsoy,Event resultsMen's Challenger SeriesMen's Qualifying SeriesMen's Junior Tour202520232022,Unknown,Championship Tour,Beach Break,,
10158,Adur Amatriain,2010,Burton Automotive Newcastle Surfest presented by Bonsoy,Unknown,Unknown,Championship Tour,Beach Break,,
10158,Adur Amatriain,2010,Ballito Pro presented by O'Neill,Unknown,Unknown,Championship Tour,Beach Break,,
10158,Adur Amatriain,2010,Lexus US Open of Surfing,Unknown,Unknown,Championship Tour,Beach Break,,
10158,Adur Amatriain,2009,Burton Automotive Newcastle Surfest presented by Bonsoy,Event resultsMen's Challenger SeriesMen's Qualifying SeriesMen's Junior Tour202520232022,Unknown,Championship Tour,Beach Break,,
10158,Adur Amatriain,2009,Burton Automotive Newcastle Surfest presented by Bonsoy,Unknown,Unknown,Championship Tour,Beach Break,,
10158,Adur Amatriain,2009,Ballito Pro presented by O'Neill,Unknown,Unknown,Championship Tour,Beach Break,,
10158,Adur Amatriain,2009,Lexus US Open of Surfing,Unknown,Unknown,Championship Tour,Beach Break,,
10158,Adur Amatriain,2008,Burton Automotive Newcastle Surfest presented by Bonsoy,Event resultsMen's Challenger SeriesMen's Qualifying SeriesMen's Junior Tour202520232022,Unknown,Championship Tour,Beach Break,,
10158,Adur Amatriain,2008,Burton Automotive Newcastle Surfest presented by Bonsoy,Unknown,Unknown,Championship Tour,Beach Break,,
10158,Adur Amatriain,2008,Ballito Pro presented by O'Neill,Unknown,Unknown,Championship Tour,Beach Break,,
10158,Adur Amatriain,2008,Lexus US Open of Surfing,Unknown,Unknown,Championship Tour,Beach Break,,
10158,Adur Amatriain,2003,Burton Automotive Newcastle Surfest presented by Bonsoy,Event resultsMen's Challenger SeriesMen's Qualifying SeriesMen's Junior Tour202520232022,Unknown,Championship Tour,Beach Break,,
10158,Adur Amatriain,2003,Burton Automotive Newcastle Surfest presented by Bonsoy,Unknown,Unknown,Championship Tour,Beach Break,,
10158,Adur Amatriain,2003,Ballito Pro presented by O'Neill,Unknown,Unknown,Championship Tour,Beach Break,,
10158,Adur Amatriain,2003,Lexus US Open of Surfing,Unknown,Unknown,Championship Tour,Beach Break,,
10158,Adur Amatriain,2000,Burton Automotive Newcastle Surfest presented by Bonsoy,Event resultsMen's Challenger SeriesMen's Qualifying SeriesMen's Junior Tour202520232022,Unknown,Championship Tour,Beach Break,,
10158,Adur Amatriain,2000,Burton Automotive Newcastle Surfest presented by Bonsoy,Unknown,Unknown,Championship Tour,Beach Break,,
10158,Adur Amatriain,2000,Ballito Pro presented by O'Neill,Unknown,Unknown,Championship Tour,Beach Break,,
10158,Adur Amatriain,2000,Lexus US Open of Surfing,Unknown,Unknown,Championship Tour,Beach Break,,
15615,Annette Gonzalez Etxabarri,2025,Pro Taghazout Bay,Event resultsWomen's Challenger SeriesWomen's Qualifying SeriesWomen's Junior Tour2025/20262024/20252023/20242022/20232021/20222021,Unknown,Championship Tour,Beach Break,,
15615,Annette Gonzalez Etxabarri,2025,Pro Taghazout Bay,Unknown,Unknown,Championship Tour,Beach Break,,
15615,Annette Gonzalez Etxabarri,2025,Ballito Open,None,Unknown,Championship Tour,Beach Break,,
15615,Annette Gonzalez Etxabarri,2025,Caraïbos Lacanau Pro,Unknown,Unknown,Championship Tour,Beach Break,,
15615,Annette Gonzalez Etxabarri,2025,Boardmasters Open 2025,Unknown,Unknown,Championship Tour,Beach Break,,
15615,Annette Gonzalez Etxabarri,2024,Pro Taghazout Bay,Event resultsWomen's Challenger SeriesWomen's Qualifying SeriesWomen's Junior Tour2025/20262024/20252023/20242022/20232021/20222021,Unknown,Championship Tour,Beach Break,,
15615,Annette Gonzalez Etxabarri,2024,Pro Taghazout Bay,Unknown,Unknown,Championship Tour,Beach Break,,
15615,Annette Gonzalez Etxabarri,2024,Ballito Open,None,Unknown,Championship Tour,Beach Break,,
15615,Annette Gonzalez Etxabarri,2024,Caraïbos Lacanau Pro,Unknown,Unknown,Championship Tour,Beach Break,,
15615,Annette Gonzalez Etxabarri,2024,Boardmasters Open 2025,Unknown,Unknown,Championship Tour,Beach Break,,
15615,Annette Gonzalez Etxabarri,2023,Pro Taghazout Bay,Event resultsWomen's Challenger SeriesWomen's Qualifying SeriesWomen's Junior Tour2025/20262024/20252023/20242022/20232021/20222021,Unknown,Championship Tour,Beach Break,,
15615,Annette Gonzalez Etxabarri,2023,Pro Taghazout Bay,Unknown,Unknown,Championship Tour,Beach Break,,
15615,Annette Gonzalez Etxabarri,2023,Ballito Open,None,Unknown,Championship Tour,Beach Break,,
15615,Annette Gonzalez Etxabarri,2023,Caraïbos Lacanau Pro,Unknown,Unknown,Championship Tour,Beach Break,,
15615,Annette Gonzalez Etxabarri,2023,Boardmasters Open 2025,Unknown,Unknown,Championship Tour,Beach Break,,
15615,Annette Gonzalez Etxabarri,2022,Pro Taghazout Bay,Event resultsWomen's Challenger SeriesWomen's Qualifying SeriesWomen's Junior Tour2025/20262024/20252023/20242022/20232021/20222021,Unknown,Championship Tour,Beach Break,,
15615,Annette Gonzalez Etxabarri,2022,Pro Taghazout Bay,Unknown,Unknown,Championship Tour,Beach Break,,
15615,Annette Gonzalez Etxabarri,2022,Ballito Open,None,Unknown,Championship Tour,Beach Break,,
15615,Annette Gonzalez Etxabarri,2022,Caraïbos Lacanau Pro,Unknown,Unknown,Championship Tour,Beach Break,,
15615,Annette Gonzalez Etxabarri,2022,Boardmasters Open 2025,Unknown,Unknown,Championship Tour,Beach Break,,
15615,Annette Gonzalez Etxabarri,2021,Pro Taghazout Bay,Event resultsWomen's Challenger SeriesWomen's Qualifying SeriesWomen's Junior Tour2025/20262024/20252023/20242022/20232021/20222021,Unknown,Championship Tour,Beach Break,,
15615,Annette Gonzalez Etxabarri,2021,Pro Taghazout Bay,Unknown,Unknown,Championship Tour,Beach Break,,
15615,Annette Gonzalez Etxabarri,2021,Ballito Open,None,Unknown,Championship Tour,Beach Break,,
15615,Annette Gonzalez Etxabarri,2021,Caraïbos Lacanau Pro,Unknown,Unknown,Championship Tour,Beach Break,,
15615,Annette Gonzalez Etxabarri,2021,Boardmasters Open 2025,Unknown,Unknown,Championship Tour,Beach Break,,
15615,Annette Gonzalez Etxabarri,2020,Pro Taghazout Bay,Event resultsWomen's Challenger SeriesWomen's Qualifying SeriesWomen's Junior Tour2025/20262024/20252023/20242022/20232021/20222021,Unknown,Championship Tour,Beach Break,,
15615,Annette Gonzalez Etxabarri,2020,Pro Taghazout Bay,Unknown,Unknown,Championship Tour,Beach Break,,
15615,Annette Gonzalez Etxabarri,2020,Ballito Open,None,Unknown,Championship Tour,Beach Break,,
15615,Annette Gonzalez Etxabarri,2020,Caraïbos Lacanau Pro,Unknown,Unknown,Championship Tour,Beach Break,,
15615,Annette Gonzalez Etxabarri,2020,Boardmasters Open 2025,Unknown,Unknown,Championship Tour,Beach Break,,
15615,Annette Gonzalez Etxabarri,2019,Pro Taghazout Bay,Event resultsWomen's Challenger SeriesWomen's Qualifying SeriesWomen's Junior Tour2025/20262024/20252023/20242022/20232021/20222021,Unknown,Championship Tour,Beach Break,,
15615,Annette Gonzalez Etxabarri,2019,Pro Taghazout Bay,Unknown,Unknown,Championship Tour,Beach Break,,
15615,Annette Gonzalez Etxabarri,2019,Ballito Open,None,Unknown,Championship Tour,Beach Break,,
15615,Annette Gonzalez Etxabarri,2019,Caraïbos Lacanau Pro,Unknown,Unknown,Championship Tour,Beach Break,,
15615,Annette Gonzalez Etxabarri,2019,Boardmasters Open 2025,Unknown,Unknown,Championship Tour,Beach Break,,
15615,Annette Gonzalez Etxabarri,2018,Pro Taghazout Bay,Event resultsWomen's Challenger SeriesWomen's Qualifying SeriesWomen's Junior Tour2025/20262024/20252023/20242022/20232021/20222021,Unknown,Championship Tour,Beach Break,,
15615,Annette Gonzalez Etxabarri,2018,Pro Taghazout Bay,Unknown,Unknown,Championship Tour,Beach Break,,
15615,Annette Gonzalez Etxabarri,2018,Ballito Open,None,Unknown,Championship Tour,Beach Break,,
15615,Annette Gonzalez Etxabarri,2018,Caraïbos Lacanau Pro,Unknown,Unknown,Championship Tour,Beach Break,,
15615,Annette Gonzalez Etxabarri,2018,Boardmasters Open 2025,Unknown,Unknown,Championship Tour,Beach Break,,
15615,Annette Gonzalez Etxabarri,2017,Pro Taghazout Bay,Event resultsWomen's Challenger SeriesWomen's Qualifying SeriesWomen's Junior Tour2025/20262024/20252023/20242022/20232021/20222021,Unknown,Championship Tour,Beach Break,,
15615,Annette Gonzalez Etxabarri,2017,Pro Taghazout Bay,Unknown,Unknown,Championship Tour,Beach Break,,
15615,Annette Gonzalez Etxabarri,2017,Ballito Open,None,Unknown,Championship Tour,Beach Break,,
15615,Annette Gonzalez Etxabarri,2017,Caraïbos Lacanau Pro,Unknown,Unknown,Championship Tour,Beach Break,,
15615,Annette Gonzalez Etxabarri,2017,Boardmasters Open 2025,Unknown,Unknown,Championship Tour,Beach Break,,
15615,Annette Gonzalez Etxabarri,2016,Pro Taghazout Bay,Event resultsWomen's Challenger SeriesWomen's Qualifying SeriesWomen's Junior Tour2025/20262024/20252023/20242022/20232021/20222021,Unknown,Championship Tour,Beach Break,,
15615,Annette Gonzalez Etxabarri,2016,Pro Taghazout Bay,Unknown,Unknown,Championship Tour,Beach Break,,
15615,Annette Gonzalez Etxabarri,2016,Ballito Open,None,Unknown,Championship Tour,Beach Break,,
15615,Annette Gonzalez Etxabarri,2016,Caraïbos Lacanau Pro,Unknown,Unknown,Championship Tour,Beach Break,,
15615,Annette Gonzalez Etxabarri,2016,Boardmasters Open 2025,Unknown,Unknown,Championship Tour,Beach Break,,
15615,Annette Gonzalez Etxabarri,2015,Pro Taghazout Bay,Event resultsWomen's Challenger SeriesWomen's Qualifying SeriesWomen's Junior Tour2025/20262024/20252023/20242022/20232021/20222021,Unknown,Championship Tour,Beach Break,,
15615,Annette Gonzalez Etxabarri,2015,Pro Taghazout Bay,Unknown,Unknown,Championship Tour,Beach Break,,
15615,Annette Gonzalez Etxabarri,2015,Ballito Open,None,Unknown,Championship Tour,Beach Break,,
15615,Annette Gonzalez Etxabarri,2015,Caraïbos Lacanau Pro,Unknown,Unknown,Championship Tour,Beach Break,,
15615,Annette Gonzalez Etxabarri,2015,Boardmasters Open 2025,Unknown,Unknown,Championship Tour,Beach Break,,
15615,Annette Gonzalez Etxabarri,2014,Pro Taghazout Bay,Event resultsWomen's Challenger SeriesWomen's Qualifying SeriesWomen's Junior Tour2025/20262024/20252023/20242022/20232021/20222021,Unknown,Championship Tour,Beach Break,,
15615,Annette Gonzalez Etxabarri,2014,Pro Taghazout Bay,Unknown,Unknown,Championship Tour,Beach Break,,
15615,Annette Gonzalez Etxabarri,2014,Ballito Open,None,Unknown,Championship Tour,Beach Break,,
15615,Annette Gonzalez Etxabarri,2014,Caraïbos Lacanau Pro,Unknown,Unknown,Championship Tour,Beach Break,,
15615,Annette Gonzalez Etxabarri,2014,Boardmasters Open 2025,Unknown,Unknown,Championship Tour,Beach Break,,
15615,Annette Gonzalez Etxabarri,2013,Pro Taghazout Bay,Event resultsWomen's Challenger SeriesWomen's Qualifying SeriesWomen's Junior Tour2025/20262024/20252023/20242022/20232021/20222021,Unknown,Championship Tour,Beach Break,,
15615,Annette Gonzalez Etxabarri,2013,Pro Taghazout Bay,Unknown,Unknown,Championship Tour,Beach Break,,
15615,Annette Gonzalez Etxabarri,2013,Ballito Open,None,Unknown,Championship Tour,Beach Break,,
15615,Annette Gonzalez Etxabarri,2013,Caraïbos Lacanau Pro,Unknown,Unknown,Championship Tour,Beach Break,,
15615,Annette Gonzalez Etxabarri,2013,Boardmasters Open 2025,Unknown,Unknown,Championship Tour,Beach Break,,
15615,Annette Gonzalez Etxabarri,2012,Pro Taghazout Bay,Event resultsWomen's Challenger SeriesWomen's Qualifying SeriesWomen's Junior Tour2025/20262024/20252023/20242022/20232021/20222021,Unknown,Championship Tour,Beach Break,,
15615,Annette Gonzalez Etxabarri,2012,Pro Taghazout Bay,Unknown,Unknown,Championship Tour,Beach Break,,
15615,Annette Gonzalez Etxabarri,2012,Ballito Open,None,Unknown,Championship Tour,Beach Break,,
15615,Annette Gonzalez Etxabarri,2012,Caraïbos Lacanau Pro,Unknown,Unknown,Championship Tour,Beach Break,,
15615,Annette Gonzalez Etxabarri,2012,Boardmasters Open 2025,Unknown,Unknown,Championship Tour,Beach Break,,
15615,Annette Gonzalez Etxabarri,2011,Pro Taghazout Bay,Event resultsWomen's Challenger SeriesWomen's Qualifying SeriesWomen's Junior Tour2025/20262024/20252023/20242022/20232021/20222021,Unknown,Championship Tour,Beach Break,,
15615,Annette Gonzalez Etxabarri,2011,Pro Taghazout Bay,Unknown,Unknown,Championship Tour,Beach Break,,
15615,Annette Gonzalez Etxabarri,2011,Ballito Open,None,Unknown,Championship Tour,Beach Break,,
15615,Annette Gonzalez Etxabarri,2011,Caraïbos Lacanau Pro,Unknown,Unknown,Championship Tour,Beach Break,,
15615,Annette Gonzalez Etxabarri,2011,Boardmasters Open 2025,Unknown,Unknown,Championship Tour,Beach Break,,
15615,Annette Gonzalez Etxabarri,2010,Pro Taghazout Bay,Event resultsWomen's Challenger SeriesWomen's Qualifying SeriesWomen's Junior Tour2025/20262024/20252023/20242022/20232021/20222021,Unknown,Championship Tour,Beach Break,,
15615,Annette Gonzalez Etxabarri,2010,Pro Taghazout Bay,Unknown,Unknown,Championship Tour,Beach Break,,
15615,Annette Gonzalez Etxabarri,2010,Ballito Open,None,Unknown,Championship Tour,Beach Break,,
15615,Annette Gonzalez Etxabarri,2010,Caraïbos Lacanau Pro,Unknown,Unknown,Championship Tour,Beach Break,,
15615,Annette Gonzalez Etxabarri,2010,Boardmasters Open 2025,Unknown,Unknown,Championship Tour,Beach Break,,
15615,Annette Gonzalez Etxabarri,2009,Pro Taghazout Bay,Event resultsWomen's Challenger SeriesWomen's Qualifying SeriesWomen's Junior Tour2025/20262024/20252023/20242022/20232021/20222021,Unknown,Championship Tour,Beach Break,,
15615,Annette Gonzalez Etxabarri,2009,Pro Taghazout Bay,Unknown,Unknown,Championship Tour,Beach Break,,
15615,Annette Gonzalez Etxabarri,2009,Ballito Open,None,Unknown,Championship Tour,Beach Break,,
15615,Annette Gonzalez Etxabarri,2009,Caraïbos Lacanau Pro,Unknown,Unknown,Championship Tour,Beach Break,,
15615,Annette Gonzalez Etxabarri,2009,Boardmasters Open 2025,Unknown,Unknown,Championship Tour,Beach Break,,
15615,Annette Gonzalez Etxabarri,2008,Pro Taghazout Bay,Event resultsWomen's Challenger SeriesWomen's Qualifying SeriesWomen's Junior Tour2025/20262024/20252023/20242022/20232021/20222021,Unknown,Championship Tour,Beach Break,,
15615,Annette Gonzalez Etxabarri,2008,Pro Taghazout Bay,Unknown,Unknown,Championship Tour,Beach Break,,
15615,Annette Gonzalez Etxabarri,2008,Ballito Open,None,Unknown,Championship Tour,Beach Break,,
15615,Annette Gonzalez Etxabarri,2008,Caraïbos Lacanau Pro,Unknown,Unknown,Championship Tour,Beach Break,,
15615,Annette Gonzalez Etxabarri,2008,Boardmasters Open 2025,Unknown,Unknown,Championship Tour,Beach Break,,
15615,Annette Gonzalez Etxabarri,2007,Pro Taghazout Bay,Event resultsWomen's Challenger SeriesWomen's Qualifying SeriesWomen's Junior Tour2025/20262024/20252023/20242022/20232021/20222021,Unknown,Championship Tour,Beach Break,,
15615,Annette Gonzalez Etxabarri,2007,Pro Taghazout Bay,Unknown,Unknown,Championship Tour,Beach Break,,
15615,Annette Gonzalez Etxabarri,2007,Ballito Open,None,Unknown,Championship Tour,Beach Break,,
15615,Annette Gonzalez Etxabarri,2007,Caraïbos Lacanau Pro,Unknown,Unknown,Championship Tour,Beach Break,,
15615,Annette Gonzalez Etxabarri,2007,Boardmasters Open 2025,Unknown,Unknown,Championship Tour,Beach Break,,
15615,Annette Gonzalez Etxabarri,2000,Pro Taghazout Bay,Event resultsWomen's Challenger SeriesWomen's Qualifying SeriesWomen's Junior Tour2025/20262024/20252023/20242022/20232021/20222021,Unknown,Championship Tour,Beach Break,,
15615,Annette Gonzalez Etxabarri,2000,Pro Taghazout Bay,Unknown,Unknown,Championship Tour,Beach Break,,
15615,Annette Gonzalez Etxabarri,2000,Ballito Open,None,Unknown,Championship Tour,Beach Break,,
15615,Annette Gonzalez Etxabarri,2000,Caraïbos Lacanau Pro,Unknown,Unknown,Championship Tour,Beach Break,,
15615,Annette Gonzalez Etxabarri,2000,Boardmasters Open 2025,Unknown,Unknown,Championship Tour,Beach Break,,
10487,Janire Gonzalez Etxabarri,2025,Pro Taghazout Bay,Event resultsWomen's Challenger SeriesWomen's Qualifying SeriesWomen's Junior Tour2025/20262024/20252023/20242022/20232021/20222021202020192018,Unknown,Championship Tour,Beach Break,,
10487,Janire Gonzalez Etxabarri,2025,Pro Taghazout Bay,Unknown,Unknown,Championship Tour,Beach Break,,
10487,Janire Gonzalez Etxabarri,2025,Ballito Open,Unknown,Unknown,Championship Tour,Beach Break,,
10487,Janire Gonzalez Etxabarri,2025,Caraïbos Lacanau Pro,Unknown,Unknown,Championship Tour,Beach Break,,
10487,Janire Gonzalez Etxabarri,2025,Boardmasters Open 2025,Unknown,Unknown,Championship Tour,Beach Break,,
10487,Janire Gonzalez Etxabarri,2024,Pro Taghazout Bay,Event resultsWomen's Challenger SeriesWomen's Qualifying SeriesWomen's Junior Tour2025/20262024/20252023/20242022/20232021/20222021202020192018,Unknown,Championship Tour,Beach Break,,
10487,Janire Gonzalez Etxabarri,2024,Pro Taghazout Bay,Unknown,Unknown,Championship Tour,Beach Break,,
10487,Janire Gonzalez Etxabarri,2024,Ballito Open,Unknown,Unknown,Championship Tour,Beach Break,,
10487,Janire Gonzalez Etxabarri,2024,Caraïbos Lacanau Pro,Unknown,Unknown,Championship Tour,Beach Break,,
10487,Janire Gonzalez Etxabarri,2024,Boardmasters Open 2025,Unknown,Unknown,Championship Tour,Beach Break,,
10487,Janire Gonzalez Etxabarri,2023,Pro Taghazout Bay,Event resultsWomen's Challenger SeriesWomen's Qualifying SeriesWomen's Junior Tour2025/20262024/20252023/20242022/20232021/20222021202020192018,Unknown,Championship Tour,Beach Break,,
10487,Janire Gonzalez Etxabarri,2023,Pro Taghazout Bay,Unknown,Unknown,Championship Tour,Beach Break,,
10487,Janire Gonzalez Etxabarri,2023,Ballito Open,Unknown,Unknown,Championship Tour,Beach Break,,
10487,Janire Gonzalez Etxabarri,2023,Caraïbos Lacanau Pro,Unknown,Unknown,Championship Tour,Beach Break,,
10487,Janire Gonzalez Etxabarri,2023,Boardmasters Open 2025,Unknown,Unknown,Championship Tour,Beach Break,,
10487,Janire Gonzalez Etxabarri,2022,Pro Taghazout Bay,Event resultsWomen's Challenger SeriesWomen's Qualifying SeriesWomen's Junior Tour2025/20262024/20252023/20242022/20232021/20222021202020192018,Unknown,Championship Tour,Beach Break,,
10487,Janire Gonzalez Etxabarri,2022,Pro Taghazout Bay,Unknown,Unknown,Championship Tour,Beach Break,,
10487,Janire Gonzalez Etxabarri,2022,Ballito Open,Unknown,Unknown,Championship Tour,Beach Break,,
10487,Janire Gonzalez Etxabarri,2022,Caraïbos Lacanau Pro,Unknown,Unknown,Championship Tour,Beach Break,,
10487,Janire Gonzalez Etxabarri,2022,Boardmasters Open 2025,Unknown,Unknown,Championship Tour,Beach Break,,
10487,Janire Gonzalez Etxabarri,2021,Pro Taghazout Bay,Event resultsWomen's Challenger SeriesWomen's Qualifying SeriesWomen's Junior Tour2025/20262024/20252023/20242022/20232021/20222021202020192018,Unknown,Championship Tour,Beach Break,,
10487,Janire Gonzalez Etxabarri,2021,Pro Taghazout Bay,Unknown,Unknown,Championship Tour,Beach Break,,
10487,Janire Gonzalez Etxabarri,2021,Ballito Open,Unknown,Unknown,Championship Tour,Beach Break,,
10487,Janire Gonzalez Etxabarri,2021,Caraïbos Lacanau Pro,Unknown,Unknown,Championship Tour,Beach Break,,
10487,Janire Gonzalez Etxabarri,2021,Boardmasters Open 2025,Unknown,Unknown,Championship Tour,Beach Break,,
10487,Janire Gonzalez Etxabarri,2020,Pro Taghazout Bay,Event resultsWomen's Challenger SeriesWomen's Qualifying SeriesWomen's Junior Tour2025/20262024/20252023/20242022/20232021/20222021202020192018,Unknown,Championship Tour,Beach Break,,
10487,Janire Gonzalez Etxabarri,2020,Pro Taghazout Bay,Unknown,Unknown,Championship Tour,Beach Break,,
10487,Janire Gonzalez Etxabarri,2020,Ballito Open,Unknown,Unknown,Championship Tour,Beach Break,,
10487,Janire Gonzalez Etxabarri,2020,Caraïbos Lacanau Pro,Unknown,Unknown,Championship Tour,Beach Break,,
10487,Janire Gonzalez Etxabarri,2020,Boardmasters Open 2025,Unknown,Unknown,Championship Tour,Beach Break,,
10487,Janire Gonzalez Etxabarri,2019,Pro Taghazout Bay,Event resultsWomen's Challenger SeriesWomen's Qualifying SeriesWomen's Junior Tour2025/20262024/20252023/20242022/20232021/20222021202020192018,Unknown,Championship Tour,Beach Break,,
10487,Janire Gonzalez Etxabarri,2019,Pro Taghazout Bay,Unknown,Unknown,Championship Tour,Beach Break,,
10487,Janire Gonzalez Etxabarri,2019,Ballito Open,Unknown,Unknown,Championship Tour,Beach Break,,
10487,Janire Gonzalez Etxabarri,2019,Caraïbos Lacanau Pro,Unknown,Unknown,Championship Tour,Beach Break,,
10487,Janire Gonzalez Etxabarri,2019,Boardmasters Open 2025,Unknown,Unknown,Championship Tour,Beach Break,,
10487,Janire Gonzalez Etxabarri,2018,Pro Taghazout Bay,Event resultsWomen's Challenger SeriesWomen's Qualifying SeriesWomen's Junior Tour2025/20262024/20252023/20242022/20232021/20222021202020192018,Unknown,Championship Tour,Beach Break,,
10487,Janire Gonzalez Etxabarri,2018,Pro Taghazout Bay,Unknown,Unknown,Championship Tour,Beach Break,,
10487,Janire Gonzalez Etxabarri,2018,Ballito Open,Unknown,Unknown,Championship Tour,Beach Break,,
10487,Janire Gonzalez Etxabarri,2018,Caraïbos Lacanau Pro,Unknown,Unknown,Championship Tour,Beach Break,,
10487,Janire Gonzalez Etxabarri,2018,Boardmasters Open 2025,Unknown,Unknown,Championship Tour,Beach Break,,
10487,Janire Gonzalez Etxabarri,2017,Pro Taghazout Bay,Event resultsWomen's Challenger SeriesWomen's Qualifying SeriesWomen's Junior Tour2025/20262024/20252023/20242022/20232021/20222021202020192018,Unknown,Championship Tour,Beach Break,,
10487,Janire Gonzalez Etxabarri,2017,Pro Taghazout Bay,Unknown,Unknown,Championship Tour,Beach Break,,
10487,Janire Gonzalez Etxabarri,2017,Ballito Open,Unknown,Unknown,Championship Tour,Beach Break,,
10487,Janire Gonzalez Etxabarri,2017,Caraïbos Lacanau Pro,Unknown,Unknown,Championship Tour,Beach Break,,
10487,Janire Gonzalez Etxabarri,2017,Boardmasters Open 2025,Unknown,Unknown,Championship Tour,Beach Break,,
10487,Janire Gonzalez Etxabarri,2016,Pro Taghazout Bay,Event resultsWomen's Challenger SeriesWomen's Qualifying SeriesWomen's Junior Tour2025/20262024/20252023/20242022/20232021/20222021202020192018,Unknown,Championship Tour,Beach Break,,
10487,Janire Gonzalez Etxabarri,2016,Pro Taghazout Bay,Unknown,Unknown,Championship Tour,Beach Break,,
10487,Janire Gonzalez Etxabarri,2016,Ballito Open,Unknown,Unknown,Championship Tour,Beach Break,,
10487,Janire Gonzalez Etxabarri,2016,Caraïbos Lacanau Pro,Unknown,Unknown,Championship Tour,Beach Break,,
10487,Janire Gonzalez Etxabarri,2016,Boardmasters Open 2025,Unknown,Unknown,Championship Tour,Beach Break,,
10487,Janire Gonzalez Etxabarri,2015,Pro Taghazout Bay,Event resultsWomen's Challenger SeriesWomen's Qualifying SeriesWomen's Junior Tour2025/20262024/20252023/20242022/20232021/20222021202020192018,Unknown,Championship Tour,Beach Break,,
10487,Janire Gonzalez Etxabarri,2015,Pro Taghazout Bay,Unknown,Unknown,Championship Tour,Beach Break,,
10487,Janire Gonzalez Etxabarri,2015,Ballito Open,Unknown,Unknown,Championship Tour,Beach Break,,
10487,Janire Gonzalez Etxabarri,2015,Caraïbos Lacanau Pro,Unknown,Unknown,Championship Tour,Beach Break,,
10487,Janire Gonzalez Etxabarri,2015,Boardmasters Open 2025,Unknown,Unknown,Championship Tour,Beach Break,,
10487,Janire Gonzalez Etxabarri,2014,Pro Taghazout Bay,Event resultsWomen's Challenger SeriesWomen's Qualifying SeriesWomen's Junior Tour2025/20262024/20252023/20242022/20232021/20222021202020192018,Unknown,Championship Tour,Beach Break,,
10487,Janire Gonzalez Etxabarri,2014,Pro Taghazout Bay,Unknown,Unknown,Championship Tour,Beach Break,,
10487,Janire Gonzalez Etxabarri,2014,Ballito Open,Unknown,Unknown,Championship Tour,Beach Break,,
10487,Janire Gonzalez Etxabarri,2014,Caraïbos Lacanau Pro,Unknown,Unknown,Championship Tour,Beach Break,,
10487,Janire Gonzalez Etxabarri,2014,Boardmasters Open 2025,Unknown,Unknown,Championship Tour,Beach Break,,
10487,Janire Gonzalez Etxabarri,2013,Pro Taghazout Bay,Event resultsWomen's Challenger SeriesWomen's Qualifying SeriesWomen's Junior Tour2025/20262024/20252023/20242022/20232021/20222021202020192018,Unknown,Championship Tour,Beach Break,,
10487,Janire Gonzalez Etxabarri,2013,Pro Taghazout Bay,Unknown,Unknown,Championship Tour,Beach Break,,
10487,Janire Gonzalez Etxabarri,2013,Ballito Open,Unknown,Unknown,Championship Tour,Beach Break,,
10487,Janire Gonzalez Etxabarri,2013,Caraïbos Lacanau Pro,Unknown,Unknown,Championship Tour,Beach Break,,
10487,Janire Gonzalez Etxabarri,2013,Boardmasters Open 2025,Unknown,Unknown,Championship Tour,Beach Break,,
10487,Janire Gonzalez Etxabarri,2012,Pro Taghazout Bay,Event resultsWomen's Challenger SeriesWomen's Qualifying SeriesWomen's Junior Tour2025/20262024/20252023/20242022/20232021/20222021202020192018,Unknown,Championship Tour,Beach Break,,
10487,Janire Gonzalez Etxabarri,2012,Pro Taghazout Bay,Unknown,Unknown,Championship Tour,Beach Break,,
10487,Janire Gonzalez Etxabarri,2012,Ballito Open,Unknown,Unknown,Championship Tour,Beach Break,,
10487,Janire Gonzalez Etxabarri,2012,Caraïbos Lacanau Pro,Unknown,Unknown,Championship Tour,Beach Break,,
10487,Janire Gonzalez Etxabarri,2012,Boardmasters Open 2025,Unknown,Unknown,Championship Tour,Beach Break,,
10487,Janire Gonzalez Etxabarri,2011,Pro Taghazout Bay,Event resultsWomen's Challenger SeriesWomen's Qualifying SeriesWomen's Junior Tour2025/20262024/20252023/20242022/20232021/20222021202020192018,Unknown,Championship Tour,Beach Break,,
10487,Janire Gonzalez Etxabarri,2011,Pro Taghazout Bay,Unknown,Unknown,Championship Tour,Beach Break,,
10487,Janire Gonzalez Etxabarri,2011,Ballito Open,Unknown,Unknown,Championship Tour,Beach Break,,
10487,Janire Gonzalez Etxabarri,2011,Caraïbos Lacanau Pro,Unknown,Unknown,Championship Tour,Beach Break,,
10487,Janire Gonzalez Etxabarri,2011,Boardmasters Open 2025,Unknown,Unknown,Championship Tour,Beach Break,,
10487,Janire Gonzalez Etxabarri,2010,Pro Taghazout Bay,Event resultsWomen's Challenger SeriesWomen's Qualifying SeriesWomen's Junior Tour2025/20262024/20252023/20242022/20232021/20222021202020192018,Unknown,Championship Tour,Beach Break,,
10487,Janire Gonzalez Etxabarri,2010,Pro Taghazout Bay,Unknown,Unknown,Championship Tour,Beach Break,,
10487,Janire Gonzalez Etxabarri,2010,Ballito Open,Unknown,Unknown,Championship Tour,Beach Break,,
10487,Janire Gonzalez Etxabarri,2010,Caraïbos Lacanau Pro,Unknown,Unknown,Championship Tour,Beach Break,,
10487,Janire Gonzalez Etxabarri,2010,Boardmasters Open 2025,Unknown,Unknown,Championship Tour,Beach Break,,
10487,Janire Gonzalez Etxabarri,2009,Pro Taghazout Bay,Event resultsWomen's Challenger SeriesWomen's Qualifying SeriesWomen's Junior Tour2025/20262024/20252023/20242022/20232021/20222021202020192018,Unknown,Championship Tour,Beach Break,,
10487,Janire Gonzalez Etxabarri,2009,Pro Taghazout Bay,Unknown,Unknown,Championship Tour,Beach Break,,
10487,Janire Gonzalez Etxabarri,2009,Ballito Open,Unknown,Unknown,Championship Tour,Beach Break,,
10487,Janire Gonzalez Etxabarri,2009,Caraïbos Lacanau Pro,Unknown,Unknown,Championship Tour,Beach Break,,
10487,Janire Gonzalez Etxabarri,2009,Boardmasters Open 2025,Unknown,Unknown,Championship Tour,Beach Break,,
10487,Janire Gonzalez Etxabarri,2008,Pro Taghazout Bay,Event resultsWomen's Challenger SeriesWomen's Qualifying SeriesWomen's Junior Tour2025/20262024/20252023/20242022/20232021/20222021202020192018,Unknown,Championship Tour,Beach Break,,
10487,Janire Gonzalez Etxabarri,2008,Pro Taghazout Bay,Unknown,Unknown,Championship Tour,Beach Break,,
10487,Janire Gonzalez Etxabarri,2008,Ballito Open,Unknown,Unknown,Championship Tour,Beach Break,,
10487,Janire Gonzalez Etxabarri,2008,Caraïbos Lacanau Pro,Unknown,Unknown,Championship Tour,Beach Break,,
10487,Janire Gonzalez Etxabarri,2008,Boardmasters Open 2025,Unknown,Unknown,Championship Tour,Beach Break,,
10487,Janire Gonzalez Etxabarri,2005,Pro Taghazout Bay,Event resultsWomen's Challenger SeriesWomen's Qualifying SeriesWomen's Junior Tour2025/20262024/20252023/20242022/20232021/20222021202020192018,Unknown,Championship Tour,Beach Break,,
10487,Janire Gonzalez Etxabarri,2005,Pro Taghazout Bay,Unknown,Unknown,Championship Tour,Beach Break,,
10487,Janire Gonzalez Etxabarri,2005,Ballito Open,Unknown,Unknown,Championship Tour,Beach Break,,
10487,Janire Gonzalez Etxabarri,2005,Caraïbos Lacanau Pro,Unknown,Unknown,Championship Tour,Beach Break,,
10487,Janire Gonzalez Etxabarri,2005,Boardmasters Open 2025,Unknown,Unknown,Championship Tour,Beach Break,,
10487,Janire Gonzalez Etxabarri,2000,Pro Taghazout Bay,Event resultsWomen's Challenger SeriesWomen's Qualifying SeriesWomen's Junior Tour2025/20262024/20252023/20242022/20232021/20222021202020192018,Unknown,Championship Tour,Beach Break,,
10487,Janire Gonzalez Etxabarri,2000,Pro Taghazout Bay,Unknown,Unknown,Championship Tour,Beach Break,,
10487,Janire Gonzalez Etxabarri,2000,Ballito Open,Unknown,Unknown,Championship Tour,Beach Break,,
10487,Janire Gonzalez Etxabarri,2000,Caraïbos Lacanau Pro,Unknown,Unknown,Championship Tour,Beach Break,,
10487,Janire Gonzalez Etxabarri,2000,Boardmasters Open 2025,Unknown,Unknown,Championship Tour,Beach Break,,
3771,Juan Fernandez,2025,ABANCA Pantin Classic Galicia Pro,Event resultsMen's Qualifying SeriesMen's Junior Tour2024/20252023/20242022/202320212019201720162014,Unknown,Championship Tour,Beach Break,,
3771,Juan Fernandez,2025,ABANCA Pantin Classic Galicia Pro,Unknown,Unknown,Championship Tour,Beach Break,,
3771,Juan Fernandez,2024,ABANCA Pantin Classic Galicia Pro,Event resultsMen's Qualifying SeriesMen's Junior Tour2024/20252023/20242022/202320212019201720162014,Unknown,Championship Tour,Beach Break,,
3771,Juan Fernandez,2024,ABANCA Pantin Classic Galicia Pro,Unknown,Unknown,Championship Tour,Beach Break,,
3771,Juan Fernandez,2023,ABANCA Pantin Classic Galicia Pro,Event resultsMen's Qualifying SeriesMen's Junior Tour2024/20252023/20242022/202320212019201720162014,Unknown,Championship Tour,Beach Break,,
3771,Juan Fernandez,2023,ABANCA Pantin Classic Galicia Pro,Unknown,Unknown,Championship Tour,Beach Break,,
3771,Juan Fernandez,2022,ABANCA Pantin Classic Galicia Pro,Event resultsMen's Qualifying SeriesMen's Junior Tour2024/20252023/20242022/202320212019201720162014,Unknown,Championship Tour,Beach Break,,
3771,Juan Fernandez,2022,ABANCA Pantin Classic Galicia Pro,Unknown,Unknown,Championship Tour,Beach Break,,
3771,Juan Fernandez,2021,ABANCA Pantin Classic Galicia Pro,Event resultsMen's Qualifying SeriesMen's Junior Tour2024/20252023/20242022/202320212019201720162014,Unknown,Championship Tour,Beach Break,,
3771,Juan Fernandez,2021,ABANCA Pantin Classic Galicia Pro,Unknown,Unknown,Championship Tour,Beach Break,,
3771,Juan Fernandez,2020,ABANCA Pantin Classic Galicia Pro,Event resultsMen's Qualifying SeriesMen's Junior Tour2024/20252023/20242022/202320212019201720162014,Unknown,Championship Tour,Beach Break,,
3771,Juan Fernandez,2020,ABANCA Pantin Classic Galicia Pro,Unknown,Unknown,Championship Tour,Beach Break,,
3771,Juan Fernandez,2019,ABANCA Pantin Classic Galicia Pro,Event resultsMen's Qualifying SeriesMen's Junior Tour2024/20252023/20242022/202320212019201720162014,Unknown,Championship Tour,Beach Break,,
3771,Juan Fernandez,2019,ABANCA Pantin Classic Galicia Pro,Unknown,Unknown,Championship Tour,Beach Break,,
3771,Juan Fernandez,2018,ABANCA Pantin Classic Galicia Pro,Event resultsMen's Qualifying SeriesMen's Junior Tour2024/20252023/20242022/202320212019201720162014,Unknown,Championship Tour,Beach Break,,
3771,Juan Fernandez,2018,ABANCA Pantin Classic Galicia Pro,Unknown,Unknown,Championship Tour,Beach Break,,
3771,Juan Fernandez,2017,ABANCA Pantin Classic Galicia Pro,Event resultsMen's Qualifying SeriesMen's Junior Tour2024/20252023/20242022/202320212019201720162014,Unknown,Championship Tour,Beach Break,,
3771,Juan Fernandez,2017,ABANCA Pantin Classic Galicia Pro,Unknown,Unknown,Championship Tour,Beach Break,,
3771,Juan Fernandez,2016,ABANCA Pantin Classic Galicia Pro,Event resultsMen's Qualifying SeriesMen's Junior Tour2024/20252023/20242022/202320212019201720162014,Unknown,Championship Tour,Beach Break,,
3771,Juan Fernandez,2016,ABANCA Pantin Classic Galicia Pro,Unknown,Unknown,Championship Tour,Beach Break,,
3771,Juan Fernandez,2015,ABANCA Pantin Classic Galicia Pro,Event resultsMen's Qualifying SeriesMen's Junior Tour2024/20252023/20242022/202320212019201720162014,Unknown,Championship Tour,Beach Break,,
3771,Juan Fernandez,2015,ABANCA Pantin Classic Galicia Pro,Unknown,Unknown,Championship Tour,Beach Break,,
3771,Juan Fernandez,2014,ABANCA Pantin Classic Galicia Pro,Event resultsMen's Qualifying SeriesMen's Junior Tour2024/20252023/20242022/202320212019201720162014,Unknown,Championship Tour,Beach Break,,
3771,Juan Fernandez,2014,ABANCA Pantin Classic Galicia Pro,Unknown,Unknown,Championship Tour,Beach Break,,
3771,Juan Fernandez,2013,ABANCA Pantin Classic Galicia Pro,Event resultsMen's Qualifying SeriesMen's Junior Tour2024/20252023/20242022/202320212019201720162014,Unknown,Championship Tour,Beach Break,,
3771,Juan Fernandez,2013,ABANCA Pantin Classic Galicia Pro,Unknown,Unknown,Championship Tour,Beach Break,,
3771,Juan Fernandez,2012,ABANCA Pantin Classic Galicia Pro,Event resultsMen's Qualifying SeriesMen's Junior Tour2024/20252023/20242022/202320212019201720162014,Unknown,Championship Tour,Beach Break,,
3771,Juan Fernandez,2012,ABANCA Pantin Classic Galicia Pro,Unknown,Unknown,Championship Tour,Beach Break,,
3771,Juan Fernandez,2011,ABANCA Pantin Classic Galicia Pro,Event resultsMen's Qualifying SeriesMen's Junior Tour2024/20252023/20242022/202320212019201720162014,Unknown,Championship Tour,Beach Break,,
3771,Juan Fernandez,2011,ABANCA Pantin Classic Galicia Pro,Unknown,Unknown,Championship Tour,Beach Break,,
3771,Juan Fernandez,2010,ABANCA Pantin Classic Galicia Pro,Event resultsMen's Qualifying SeriesMen's Junior Tour2024/20252023/20242022/202320212019201720162014,Unknown,Championship Tour,Beach Break,,
3771,Juan Fernandez,2010,ABANCA Pantin Classic Galicia Pro,Unknown,Unknown,Championship Tour,Beach Break,,
3771,Juan Fernandez,2009,ABANCA Pantin Classic Galicia Pro,Event resultsMen's Qualifying SeriesMen's Junior Tour2024/20252023/20242022/202320212019201720162014,Unknown,Championship Tour,Beach Break,,
3771,Juan Fernandez,2009,ABANCA Pantin Classic Galicia Pro,Unknown,Unknown,Championship Tour,Beach Break,,
3771,Juan Fernandez,2008,ABANCA Pantin Classic Galicia Pro,Event resultsMen's Qualifying SeriesMen's Junior Tour2024/20252023/20242022/202320212019201720162014,Unknown,Championship Tour,Beach Break,,
3771,Juan Fernandez,2008,ABANCA Pantin Classic Galicia Pro,Unknown,Unknown,Championship Tour,Beach Break,,
3771,Juan Fernandez,2000,ABANCA Pantin Classic Galicia Pro,Event resultsMen's Qualifying SeriesMen's Junior Tour2024/20252023/20242022/202320212019201720162014,Unknown,Championship Tour,Beach Break,,
3771,Juan Fernandez,2000,ABANCA Pantin Classic Galicia Pro,Unknown,Unknown,Championship Tour,Beach Break,,
18855,Alex Hontoria,2025,Nias Pro,Event resultsMen's Qualifying Series2024/20252023/2024,Unknown,Championship Tour,Beach Break,,
18855,Alex Hontoria,2025,Nias Pro,Unknown,Unknown,Championship Tour,Beach Break,,
18855,Alex Hontoria,2024,Nias Pro,Event resultsMen's Qualifying Series2024/20252023/2024,Unknown,Championship Tour,Beach Break,,
18855,Alex Hontoria,2024,Nias Pro,Unknown,Unknown,Championship Tour,Beach Break,,
18855,Alex Hontoria,2023,Nias Pro,Event resultsMen's Qualifying Series2024/20252023/2024,Unknown,Championship Tour,Beach Break,,
18855,Alex Hontoria,2023,Nias Pro,Unknown,Unknown,Championship Tour,Beach Break,,
18855,Alex Hontoria,2022,Nias Pro,Event resultsMen's Qualifying Series2024/20252023/2024,Unknown,Championship Tour,Beach Break,,
18855,Alex Hontoria,2022,Nias Pro,Unknown,Unknown,Championship Tour,Beach Break,,
18855,Alex Hontoria,2021,Nias Pro,Event resultsMen's Qualifying Series2024/20252023/2024,Unknown,Championship Tour,Beach Break,,
18855,Alex Hontoria,2021,Nias Pro,Unknown,Unknown,Championship Tour,Beach Break,,
18855,Alex Hontoria,2020,Nias Pro,Event resultsMen's Qualifying Series2024/20252023/2024,Unknown,Championship Tour,Beach Break,,
18855,Alex Hontoria,2020,Nias Pro,Unknown,Unknown,Championship Tour,Beach Break,,
18855,Alex Hontoria,2019,Nias Pro,Event resultsMen's Qualifying Series2024/20252023/2024,Unknown,Championship Tour,Beach Break,,
18855,Alex Hontoria,2019,Nias Pro,Unknown,Unknown,Championship Tour,Beach Break,,
18855,Alex Hontoria,2018,Nias Pro,Event resultsMen's Qualifying Series2024/20252023/2024,Unknown,Championship Tour,Beach Break,,
18855,Alex Hontoria,2018,Nias Pro,Unknown,Unknown,Championship Tour,Beach Break,,
18855,Alex Hontoria,2017,Nias Pro,Event resultsMen's Qualifying Series2024/20252023/2024,Unknown,Championship Tour,Beach Break,,
18855,Alex Hontoria,2017,Nias Pro,Unknown,Unknown,Championship Tour,Beach Break,,
18855,Alex Hontoria,2016,Nias Pro,Event resultsMen's Qualifying Series2024/20252023/2024,Unknown,Championship Tour,Beach Break,,
18855,Alex Hontoria,2016,Nias Pro,Unknown,Unknown,Championship Tour,Beach Break,,
18855,Alex Hontoria,2015,Nias Pro,Event resultsMen's Qualifying Series2024/20252023/2024,Unknown,Championship Tour,Beach Break,,
18855,Alex Hontoria,2015,Nias Pro,Unknown,Unknown,Championship Tour,Beach Break,,
18855,Alex Hontoria,2014,Nias Pro,Event resultsMen's Qualifying Series2024/20252023/2024,Unknown,Championship Tour,Beach Break,,
18855,Alex Hontoria,2014,Nias Pro,Unknown,Unknown,Championship Tour,Beach Break,,
18855,Alex Hontoria,2013,Nias Pro,Event resultsMen's Qualifying Series2024/20252023/2024,Unknown,Championship Tour,Beach Break,,
18855,Alex Hontoria,2013,Nias Pro,Unknown,Unknown,Championship Tour,Beach Break,,
18855,Alex Hontoria,2012,Nias Pro,Event resultsMen's Qualifying Series2024/20252023/2024,Unknown,Championship Tour,Beach Break,,
18855,Alex Hontoria,2012,Nias Pro,Unknown,Unknown,Championship Tour,Beach Break,,
18855,Alex Hontoria,2011,Nias Pro,Event resultsMen's Qualifying Series2024/20252023/2024,Unknown,Championship Tour,Beach Break,,
18855,Alex Hontoria,2011,Nias Pro,Unknown,Unknown,Championship Tour,Beach Break,,
18855,Alex Hontoria,2010,Nias Pro,Event resultsMen's Qualifying Series2024/20252023/2024,Unknown,Championship Tour,Beach Break,,
18855,Alex Hontoria,2010,Nias Pro,Unknown,Unknown,Championship Tour,Beach Break,,
18855,Alex Hontoria,2009,Nias Pro,Event resultsMen's Qualifying Series2024/20252023/2024,Unknown,Championship Tour,Beach Break,,
18855,Alex Hontoria,2009,Nias Pro,Unknown,Unknown,Championship Tour,Beach Break,,
18855,Alex Hontoria,2008,Nias Pro,Event resultsMen's Qualifying Series2024/20252023/2024,Unknown,Championship Tour,Beach Break,,
18855,Alex Hontoria,2008,Nias Pro,Unknown,Unknown,Championship Tour,Beach Break,,
18855,Alex Hontoria,2000,Nias Pro,Event resultsMen's Qualifying Series2024/20252023/2024,Unknown,Championship Tour,Beach Break,,
18855,Alex Hontoria,2000,Nias Pro,Unknown,Unknown,Championship Tour,Beach Break,,
7171,Juanjo Fernandez,2025,Cabreiroá Las Americas Pro Tenerife,Event resultsMen's Qualifying Series20192018201720162014,Unknown,Championship Tour,Beach Break,,
7171,Juanjo Fernandez,2025,Cabreiroá Las Americas Pro Tenerife,Unknown,Unknown,Championship Tour,Beach Break,,
7171,Juanjo Fernandez,2024,Cabreiroá Las Americas Pro Tenerife,Event resultsMen's Qualifying Series20192018201720162014,Unknown,Championship Tour,Beach Break,,
7171,Juanjo Fernandez,2024,Cabreiroá Las Americas Pro Tenerife,Unknown,Unknown,Championship Tour,Beach Break,,
7171,Juanjo Fernandez,2023,Cabreiroá Las Americas Pro Tenerife,Event resultsMen's Qualifying Series20192018201720162014,Unknown,Championship Tour,Beach Break,,
7171,Juanjo Fernandez,2023,Cabreiroá Las Americas Pro Tenerife,Unknown,Unknown,Championship Tour,Beach Break,,
7171,Juanjo Fernandez,2022,Cabreiroá Las Americas Pro Tenerife,Event resultsMen's Qualifying Series20192018201720162014,Unknown,Championship Tour,Beach Break,,
7171,Juanjo Fernandez,2022,Cabreiroá Las Americas Pro Tenerife,Unknown,Unknown,Championship Tour,Beach Break,,
7171,Juanjo Fernandez,2021,Cabreiroá Las Americas Pro Tenerife,Event resultsMen's Qualifying Series20192018201720162014,Unknown,Championship Tour,Beach Break,,
7171,Juanjo Fernandez,2021,Cabreiroá Las Americas Pro Tenerife,Unknown,Unknown,Championship Tour,Beach Break,,
7171,Juanjo Fernandez,2020,Cabreiroá Las Americas Pro Tenerife,Event resultsMen's Qualifying Series20192018201720162014,Unknown,Championship Tour,Beach Break,,
7171,Juanjo Fernandez,2020,Cabreiroá Las Americas Pro Tenerife,Unknown,Unknown,Championship Tour,Beach Break,,
7171,Juanjo Fernandez,2019,Cabreiroá Las Americas Pro Tenerife,Event resultsMen's Qualifying Series20192018201720162014,Unknown,Championship Tour,Beach Break,,
7171,Juanjo Fernandez,2019,Cabreiroá Las Americas Pro Tenerife,Unknown,Unknown,Championship Tour,Beach Break,,
7171,Juanjo Fernandez,2018,Cabreiroá Las Americas Pro Tenerife,Event resultsMen's Qualifying Series20192018201720162014,Unknown,Championship Tour,Beach Break,,
7171,Juanjo Fernandez,2018,Cabreiroá Las Americas Pro Tenerife,Unknown,Unknown,Championship Tour,Beach Break,,
7171,Juanjo Fernandez,2017,Cabreiroá Las Americas Pro Tenerife,Event resultsMen's Qualifying Series20192018201720162014,Unknown,Championship Tour,Beach Break,,
7171,Juanjo Fernandez,2017,Cabreiroá Las Americas Pro Tenerife,Unknown,Unknown,Championship Tour,Beach Break,,
7171,Juanjo Fernandez,2016,Cabreiroá Las Americas Pro Tenerife,Event resultsMen's Qualifying Series20192018201720162014,Unknown,Championship Tour,Beach Break,,
7171,Juanjo Fernandez,2016,Cabreiroá Las Americas Pro Tenerife,Unknown,Unknown,Championship Tour,Beach Break,,
7171,Juanjo Fernandez,2015,Cabreiroá Las Americas Pro Tenerife,Event resultsMen's Qualifying Series20192018201720162014,Unknown,Championship Tour,Beach Break,,
7171,Juanjo Fernandez,2015,Cabreiroá Las Americas Pro Tenerife,Unknown,Unknown,Championship Tour,Beach Break,,
7171,Juanjo Fernandez,2014,Cabreiroá Las Americas Pro Tenerife,Event resultsMen's Qualifying Series20192018201720162014,Unknown,Championship Tour,Beach Break,,
7171,Juanjo Fernandez,2014,Cabreiroá Las Americas Pro Tenerife,Unknown,Unknown,Championship Tour,Beach Break,,
7171,Juanjo Fernandez,2013,Cabreiroá Las Americas Pro Tenerife,Event resultsMen's Qualifying Series20192018201720162014,Unknown,Championship Tour,Beach Break,,
7171,Juanjo Fernandez,2013,Cabreiroá Las Americas Pro Tenerife,Unknown,Unknown,Championship Tour,Beach Break,,
7171,Juanjo Fernandez,2012,Cabreiroá Las Americas Pro Tenerife,Event resultsMen's Qualifying Series20192018201720162014,Unknown,Championship Tour,Beach Break,,
7171,Juanjo Fernandez,2012,Cabreiroá Las Americas Pro Tenerife,Unknown,Unknown,Championship Tour,Beach Break,,
7171,Juanjo Fernandez,2011,Cabreiroá Las Americas Pro Tenerife,Event resultsMen's Qualifying Series20192018201720162014,Unknown,Championship Tour,Beach Break,,
7171,Juanjo Fernandez,2011,Cabreiroá Las Americas Pro Tenerife,Unknown,Unknown,Championship Tour,Beach Break,,
7171,Juanjo Fernandez,2010,Cabreiroá Las Americas Pro Tenerife,Event resultsMen's Qualifying Series20192018201720162014,Unknown,Championship Tour,Beach Break,,
7171,Juanjo Fernandez,2010,Cabreiroá Las Americas Pro Tenerife,Unknown,Unknown,Championship Tour,Beach Break,,
7171,Juanjo Fernandez,2009,Cabreiroá Las Americas Pro Tenerife,Event resultsMen's Qualifying Series20192018201720162014,Unknown,Championship Tour,Beach Break,,
7171,Juanjo Fernandez,2009,Cabreiroá Las Americas Pro Tenerife,Unknown,Unknown,Championship Tour,Beach Break,,
7171,Juanjo Fernandez,2008,Cabreiroá Las Americas Pro Tenerife,Event resultsMen's Qualifying Series20192018201720162014,Unknown,Championship Tour,Beach Break,,
7171,Juanjo Fernandez,2008,Cabreiroá Las Americas Pro Tenerife,Unknown,Unknown,Championship Tour,Beach Break,,
7171,Juanjo Fernandez,2000,Cabreiroá Las Americas Pro Tenerife,Event resultsMen's Qualifying Series20192018201720162014,Unknown,Championship Tour,Beach Break,,
7171,Juanjo Fernandez,2000,Cabreiroá Las Americas Pro Tenerife,Unknown,Unknown,Championship Tour,Beach Break,,
